{
  "qed": {
    "val": {
      "exact_match": 0.8611111111111112,
      "token_acc": 0.9797806716929404,
      "n": 36
    },
    "test": {
      "exact_match": 0.8333333333333334,
      "token_acc": 0.9734283862605314,
      "n": 36
    }
  },
  "qcd": {
    "val": {
      "exact_match": 0.6956521739130435,
      "token_acc": 0.3512400651153883,
      "n": 23
    },
    "test": {
      "exact_match": 0.6666666666666666,
      "token_acc": 0.5439560439560439,
      "n": 24
    }
  }
}