{
  "qed": {
    "val": {
      "exact_match": 0.8888888888888888,
      "token_acc": 0.9828591018169353,
      "n": 36
    },
    "test": {
      "exact_match": 0.8888888888888888,
      "token_acc": 0.9740764744005185,
      "n": 36
    }
  },
  "qcd": {
    "val": {
      "exact_match": 0.4782608695652174,
      "token_acc": 0.668145608550973,
      "n": 23
    },
    "test": {
      "exact_match": 0.7916666666666666,
      "token_acc": 0.8166686203258704,
      "n": 24
    }
  }
}